cx,cy,cz,A1,A2,a,b,theta,R3,R4,E,E_i01,E_i02,E_ip1,E_ip2,E_ip3,E_ip4,E_it1,E_it2,E_it3,E_it4,machine_type,status,file_name
0.3,1.3,13.5,-0.75,0,7.4,5.8,25.5,2.1,1.9,-5.574047711,-1.176111873,-0.837678159,-0.034098894,-1.630208229,-0.028401103,-1.785086482,-0.059111442,-0.376109414,-2.104485307,-0.288549178,1,Done,tetracene_a=7.4_b=5.8_theta=25.5_R3=2.1_R4=1.9_A1=-0.75_A2=0_cx=0.3_cy=1.3_cz=13.5.log
0.4,1.3,13.5,-0.75,0,7.4,5.8,25.5,2.1,1.9,-5.565354187,-1.229697461,-0.792612901,-0.034954817,-1.578894226,-0.027384536,-1.779888189,-0.058324545,-0.356578165,-2.129529859,-0.299205553,1,Done,tetracene_a=7.4_b=5.8_theta=25.5_R3=2.1_R4=1.9_A1=-0.75_A2=0_cx=0.4_cy=1.3_cz=13.5.log
0.3,1.4,13.5,-0.75,0,7.4,5.8,25.5,2.1,1.9,-5.555690533,-1.249244398,-0.88889176,-0.032944275,-1.499688659,-0.027420932,-1.804140196,-0.057488073,-0.382339333,-2.089231794,-0.275466222,1,Done,tetracene_a=7.4_b=5.8_theta=25.5_R3=2.1_R4=1.9_A1=-0.75_A2=0_cx=0.3_cy=1.4_cz=13.5.log
0.2,1.4,13.5,-0.75,0,7.4,5.8,25.5,2.1,1.9,-5.544266086,-1.197079492,-0.951080511,-0.032083331,-1.570510693,-0.028389808,-1.778316904,-0.058191512,-0.403478262,-2.038087219,-0.265778723,1,Done,tetracene_a=7.4_b=5.8_theta=25.5_R3=2.1_R4=1.9_A1=-0.75_A2=0_cx=0.2_cy=1.4_cz=13.5.log
0.2,1.3,13.5,-0.75,0,7.4,5.8,25.5,2.1,1.9,-5.534500148,-1.119769005,-0.888778809,-0.033211594,-1.67576922,-0.029400098,-1.781136934,-0.059868219,-0.396698644,-2.035750372,-0.278150083,1,Done,tetracene_a=7.4_b=5.8_theta=25.5_R3=2.1_R4=1.9_A1=-0.75_A2=0_cx=0.2_cy=1.3_cz=13.5.log
0.4,1.3,13.6,-0.75,0,7.4,5.8,25.5,2.1,1.9,-5.518375023,-1.232607853,-0.952949236,-0.032986946,-1.537831227,-0.025682729,-1.703136186,-0.054985564,-0.332494331,-2.108277977,-0.280020062,2,Done,tetracene_a=7.4_b=5.8_theta=25.5_R3=2.1_R4=1.9_A1=-0.75_A2=0_cx=0.4_cy=1.3_cz=13.6.log
0.4,1.2,13.5,-0.75,0,7.4,5.8,25.5,2.1,1.9,-5.517775124,-1.141759465,-0.729544381,-0.036179717,-1.628895478,-0.028372237,-1.711254911,-0.059910262,-0.350574777,-2.155621725,-0.313665266,1,Done,tetracene_a=7.4_b=5.8_theta=25.5_R3=2.1_R4=1.9_A1=-0.75_A2=0_cx=0.4_cy=1.2_cz=13.5.log
0.3,1.3,13.4,-0.75,0,7.4,5.8,25.5,2.1,1.9,-5.510176291,-1.075342552,-0.552912866,-0.036160891,-1.655840757,-0.030247865,-1.85489948,-0.06274347,-0.403979015,-2.133048307,-0.307703294,1,Done,tetracene_a=7.4_b=5.8_theta=25.5_R3=2.1_R4=1.9_A1=-0.75_A2=0_cx=0.3_cy=1.3_cz=13.4.log
0.4,1.4,13.5,-0.75,0,7.4,5.8,25.5,2.1,1.9,-5.505664181,-1.295668843,-0.830284836,-0.033773843,-1.424919588,-0.026434486,-1.817770968,-0.056740709,-0.362341217,-2.086851649,-0.285304324,2,Done,tetracene_a=7.4_b=5.8_theta=25.5_R3=2.1_R4=1.9_A1=-0.75_A2=0_cx=0.4_cy=1.4_cz=13.5.log
0.3,1.3,13.6,-0.75,0,7.4,5.8,25.5,2.1,1.9,-5.502414307,-1.199582002,-0.983954505,-0.032151102,-1.580283533,-0.02665788,-1.70966229,-0.05568461,-0.350026333,-2.060139175,-0.270418532,1,Done,tetracene_a=7.4_b=5.8_theta=25.5_R3=2.1_R4=1.9_A1=-0.75_A2=0_cx=0.3_cy=1.3_cz=13.6.log
0.2,1.4,13.4,-0.75,0,7.4,5.8,25.5,2.1,1.9,-5.49902387,-1.103934417,-0.725208287,-0.034014807,-1.56656993,-0.030188251,-1.824965998,-0.061794047,-0.434467216,-2.07735554,-0.282966222,1,Done,tetracene_a=7.4_b=5.8_theta=25.5_R3=2.1_R4=1.9_A1=-0.75_A2=0_cx=0.2_cy=1.4_cz=13.4.log
0.3,1.4,13.6,-0.75,0,7.4,5.8,25.5,2.1,1.9,-5.491604819,-1.241334007,-1.012083269,-0.031089355,-1.486210999,-0.025763051,-1.740840752,-0.054179841,-0.355681453,-2.054800948,-0.258281861,1,Done,tetracene_a=7.4_b=5.8_theta=25.5_R3=2.1_R4=1.9_A1=-0.75_A2=0_cx=0.3_cy=1.4_cz=13.6.log
0.2,1.3,13.4,-0.75,0,7.4,5.8,25.5,2.1,1.9,-5.491538931,-0.986168361,-0.628998454,-0.035242217,-1.714012189,-0.031291414,-1.847828697,-0.063594374,-0.426912623,-2.082988697,-0.296272571,1,Done,tetracene_a=7.4_b=5.8_theta=25.5_R3=2.1_R4=1.9_A1=-0.75_A2=0_cx=0.2_cy=1.3_cz=13.4.log
0.3,1.2,13.5,-0.75,0,7.4,5.8,25.5,2.1,1.9,-5.48723986,-1.079599579,-0.760351357,-0.035298693,-1.663600546,-0.029421434,-1.725996375,-0.060750498,-0.36962096,-2.107715101,-0.302019308,1,Done,tetracene_a=7.4_b=5.8_theta=25.5_R3=2.1_R4=1.9_A1=-0.75_A2=0_cx=0.3_cy=1.2_cz=13.5.log
0.3,1.4,13.4,-0.75,0,7.4,5.8,25.5,2.1,1.9,-5.481643098,-1.188685918,-0.634017279,-0.034902106,-1.476859845,-0.029176705,-1.858032009,-0.060992717,-0.410855897,-2.105358173,-0.293599379,1,Done,tetracene_a=7.4_b=5.8_theta=25.5_R3=2.1_R4=1.9_A1=-0.75_A2=0_cx=0.3_cy=1.4_cz=13.4.log
0.4,1.4,13.6,-0.75,0,7.4,5.8,25.5,2.1,1.9,-5.474822064,-1.268451224,-0.970955008,-0.031892568,-1.425014969,-0.024820531,-1.750336233,-0.053515935,-0.337719607,-2.080649967,-0.267201288,2,Done,tetracene_a=7.4_b=5.8_theta=25.5_R3=2.1_R4=1.9_A1=-0.75_A2=0_cx=0.4_cy=1.4_cz=13.6.log
0.4,1.2,13.6,-0.75,0,7.4,5.8,25.5,2.1,1.9,-5.472251156,-1.179405045,-0.913707271,-0.034111444,-1.563909287,-0.026585089,-1.630742867,-0.056463977,-0.32706386,-2.121236059,-0.293256758,1,Done,tetracene_a=7.4_b=5.8_theta=25.5_R3=2.1_R4=1.9_A1=-0.75_A2=0_cx=0.4_cy=1.2_cz=13.6.log
0.4,1.3,13.4,-0.75,0,7.4,5.8,25.5,2.1,1.9,-5.468655523,-1.160056402,-0.487082047,-0.03704066,-1.58979784,-0.02919051,-1.851889942,-0.061855543,-0.382311095,-2.127337339,-0.319622846,1,Done,tetracene_a=7.4_b=5.8_theta=25.5_R3=2.1_R4=1.9_A1=-0.75_A2=0_cx=0.4_cy=1.3_cz=13.4.log
0.2,1.4,13.6,-0.75,0,7.4,5.8,25.5,2.1,1.9,-5.459101056,-1.210170605,-1.054378698,-0.030253512,-1.544978566,-0.026699296,-1.720070171,-0.054801703,-0.37461343,-1.986906248,-0.249504251,1,Done,tetracene_a=7.4_b=5.8_theta=25.5_R3=2.1_R4=1.9_A1=-0.75_A2=0_cx=0.2_cy=1.4_cz=13.6.log
0.2,1.3,13.6,-0.75,0,7.4,5.8,25.5,2.1,1.9,-5.447931378,-1.164438931,-1.018015748,-0.031291414,-1.618555368,-0.027619225,-1.707571427,-0.056356673,-0.36850211,-1.978368975,-0.260957564,1,Done,tetracene_a=7.4_b=5.8_theta=25.5_R3=2.1_R4=1.9_A1=-0.75_A2=0_cx=0.2_cy=1.3_cz=13.6.log
0.3,1.2,13.6,-0.75,0,7.4,5.8,25.5,2.1,1.9,-5.42562026,-1.139261975,-0.934159077,-0.03325552,-1.593365862,-0.02759036,-1.645362596,-0.057210087,-0.344127739,-2.054912645,-0.282872095,1,Done,tetracene_a=7.4_b=5.8_theta=25.5_R3=2.1_R4=1.9_A1=-0.75_A2=0_cx=0.3_cy=1.2_cz=13.6.log
0.2,1.2,13.5,-0.75,0,7.4,5.8,25.5,2.1,1.9,-5.420939036,-1.017710778,-0.799895782,-0.034385038,-1.691980313,-0.03045306,-1.733852801,-0.061551828,-0.389676807,-2.024728159,-0.290843355,1,Done,tetracene_a=7.4_b=5.8_theta=25.5_R3=2.1_R4=1.9_A1=-0.75_A2=0_cx=0.2_cy=1.2_cz=13.5.log
0.4,1.2,13.4,-0.75,0,7.4,5.8,25.5,2.1,1.9,-5.420246264,-1.026837284,-0.392363178,-0.038373491,-1.674410033,-0.030269827,-1.788944414,-0.063567391,-0.3757122,-2.169912637,-0.335454923,1,Done,tetracene_a=7.4_b=5.8_theta=25.5_R3=2.1_R4=1.9_A1=-0.75_A2=0_cx=0.4_cy=1.2_cz=13.4.log
0.3,1.2,13.4,-0.75,0,7.4,5.8,25.5,2.1,1.9,-5.411523875,-0.931746928,-0.438520303,-0.037464857,-1.718894217,-0.031364205,-1.803414794,-0.064506773,-0.396846109,-2.147148457,-0.322319884,1,Done,tetracene_a=7.4_b=5.8_theta=25.5_R3=2.1_R4=1.9_A1=-0.75_A2=0_cx=0.3_cy=1.2_cz=13.4.log
0.4,1.4,13.4,-0.75,0,7.4,5.8,25.5,2.1,1.9,-5.388245137,-1.265263473,-0.549623459,-0.035761795,-1.38144946,-0.028151354,-1.877401988,-0.060163149,-0.388628866,-2.066159506,-0.304467852,2,Done,tetracene_a=7.4_b=5.8_theta=25.5_R3=2.1_R4=1.9_A1=-0.75_A2=0_cx=0.4_cy=1.4_cz=13.4.log
0.2,1.2,13.4,-0.75,0,7.4,5.8,25.5,2.1,1.9,-5.357918834,-0.836265007,-0.498683452,-0.036518572,-1.754957217,-0.032438502,-1.810544563,-0.065412897,-0.419120832,-2.078754887,-0.309926562,1,Done,tetracene_a=7.4_b=5.8_theta=25.5_R3=2.1_R4=1.9_A1=-0.75_A2=0_cx=0.2_cy=1.2_cz=13.4.log
0.2,1.2,13.6,-0.75,0,7.4,5.8,25.5,2.1,1.9,-5.350536806,-1.09910008,-0.95977529,-0.032368221,-1.617801101,-0.028584335,-1.653368368,-0.057916663,-0.362149826,-1.962227535,-0.272744084,1,Done,tetracene_a=7.4_b=5.8_theta=25.5_R3=2.1_R4=1.9_A1=-0.75_A2=0_cx=0.2_cy=1.2_cz=13.6.log
,,,,,,,,,,,,,,,,,,,,,,,
,,,,,,,,,,,,,,,,,,,,,,,
0.3,1.3,13.5,-0.25,0,7.4,5.8,25.5,2.1,1.9,-5.53590577,-1.111328995,-0.778156326,-0.032860189,-1.675199441,-0.027089607,-1.782058119,-0.05914721,-0.376454544,-2.107884529,-0.289073149,2,Done,tetracene_a=7.4_b=5.8_theta=25.5_R3=2.1_R4=1.9_A1=-0.25_A2=0_cx=0.3_cy=1.3_cz=13.5.log
0.3,1.4,13.5,-0.25,0,7.4,5.8,25.5,2.1,1.9,-5.534077834,-1.188308157,-0.813864155,-0.031738201,-1.571057881,-0.026147087,-1.819826691,-0.057521959,-0.382695759,-2.092412642,-0.275976388,2,Done,tetracene_a=7.4_b=5.8_theta=25.5_R3=2.1_R4=1.9_A1=-0.25_A2=0_cx=0.3_cy=1.4_cz=13.5.log
0.4,1.3,13.5,-0.25,0,7.4,5.8,25.5,2.1,1.9,-5.530204842,-1.168045859,-0.739401308,-0.033734938,-1.629581974,-0.026076805,-1.768790047,-0.058347762,-0.356947141,-2.132260155,-0.299834318,2,Done,tetracene_a=7.4_b=5.8_theta=25.5_R3=2.1_R4=1.9_A1=-0.25_A2=0_cx=0.4_cy=1.3_cz=13.5.log
0.2,1.4,13.5,-0.25,0,7.4,5.8,25.5,2.1,1.9,-5.521833231,-1.130063934,-0.873930667,-0.030859687,-1.635850799,-0.027119727,-1.805675085,-0.058241713,-0.403813353,-2.041821531,-0.266206685,2,Done,tetracene_a=7.4_b=5.8_theta=25.5_R3=2.1_R4=1.9_A1=-0.25_A2=0_cx=0.2_cy=1.4_cz=13.5.log
0.4,1.3,13.6,-0.25,0,7.4,5.8,25.5,2.1,1.9,-5.496178112,-1.193019502,-0.916659078,-0.031800952,-1.579354819,-0.024421434,-1.691168316,-0.055011919,-0.332818754,-2.109521702,-0.280613687,2,Done,tetracene_a=7.4_b=5.8_theta=25.5_R3=2.1_R4=1.9_A1=-0.25_A2=0_cx=0.4_cy=1.3_cz=13.6.log
0.2,1.3,13.5,-0.25,0,7.4,5.8,25.5,2.1,1.9,-5.493902761,-1.052417101,-0.824383732,-0.031947789,-1.714175342,-0.028094878,-1.786672827,-0.059911517,-0.397023067,-2.039529237,-0.278593105,2,Done,tetracene_a=7.4_b=5.8_theta=25.5_R3=2.1_R4=1.9_A1=-0.25_A2=0_cx=0.2_cy=1.3_cz=13.5.log
0.4,1.4,13.5,-0.25,0,7.4,5.8,25.5,2.1,1.9,-5.484829594,-1.241088023,-0.759166618,-0.032592869,-1.500633689,-0.025166916,-1.821847273,-0.05677083,-0.362716468,-2.089189123,-0.285905479,2,Done,tetracene_a=7.4_b=5.8_theta=25.5_R3=2.1_R4=1.9_A1=-0.25_A2=0_cx=0.4_cy=1.4_cz=13.5.log
0.3,1.4,13.6,-0.25,0,7.4,5.8,25.5,2.1,1.9,-5.484166943,-1.203620656,-0.960672629,-0.029922187,-1.545378917,-0.024538151,-1.752573934,-0.054213099,-0.356000856,-2.056828433,-0.258771319,2,Done,tetracene_a=7.4_b=5.8_theta=25.5_R3=2.1_R4=1.9_A1=-0.25_A2=0_cx=0.3_cy=1.4_cz=13.6.log
0.3,1.3,13.6,-0.25,0,7.4,5.8,25.5,2.1,1.9,-5.480300854,-1.157985619,-0.944208022,-0.030946283,-1.617910288,-0.02539533,-1.705318666,-0.055720378,-0.350335695,-2.062444647,-0.27091803,2,Done,tetracene_a=7.4_b=5.8_theta=25.5_R3=2.1_R4=1.9_A1=-0.25_A2=0_cx=0.3_cy=1.3_cz=13.6.log
0.4,1.2,13.5,-0.25,0,7.4,5.8,25.5,2.1,1.9,-5.475499775,-1.071522271,-0.695094082,-0.034928462,-1.662028006,-0.027020581,-1.692772231,-0.059936618,-0.3509243,-2.158618712,-0.314337329,2,Done,tetracene_a=7.4_b=5.8_theta=25.5_R3=2.1_R4=1.9_A1=-0.25_A2=0_cx=0.4_cy=1.2_cz=13.5.log
0.4,1.4,13.6,-0.25,0,7.4,5.8,25.5,2.1,1.9,-5.464915564,-1.234860614,-0.921238646,-0.03074548,-1.486646491,-0.023596886,-1.751248633,-0.053541036,-0.338055325,-2.081381644,-0.267769185,2,Done,tetracene_a=7.4_b=5.8_theta=25.5_R3=2.1_R4=1.9_A1=-0.25_A2=0_cx=0.4_cy=1.4_cz=13.6.log
0.2,1.4,13.6,-0.25,0,7.4,5.8,25.5,2.1,1.9,-5.453604069,-1.168500176,-1.002555157,-0.029067518,-1.600036293,-0.025468121,-1.742626645,-0.054844374,-0.37491087,-1.98980158,-0.24992029,2,Done,tetracene_a=7.4_b=5.8_theta=25.5_R3=2.1_R4=1.9_A1=-0.25_A2=0_cx=0.2_cy=1.4_cz=13.6.log
0.2,1.4,13.4,-0.25,0,7.4,5.8,25.5,2.1,1.9,-5.452501219,-0.999170368,-0.611394916,-0.032759787,-1.648281772,-0.0288755,-1.859179098,-0.061842993,-0.434850625,-2.082568265,-0.283408616,2,Done,tetracene_a=7.4_b=5.8_theta=25.5_R3=2.1_R4=1.9_A1=-0.25_A2=0_cx=0.2_cy=1.4_cz=13.4.log
0.3,1.3,13.4,-0.25,0,7.4,5.8,25.5,2.1,1.9,-5.449162867,-0.974881966,-0.464456546,-0.034884536,-1.713651371,-0.02889056,-1.853975785,-0.062784258,-0.404369327,-2.138383397,-0.308255502,2,Done,tetracene_a=7.4_b=5.8_theta=25.5_R3=2.1_R4=1.9_A1=-0.25_A2=0_cx=0.3_cy=1.3_cz=13.4.log
0.4,1.2,13.6,-0.25,0,7.4,5.8,25.5,2.1,1.9,-5.44381052,-1.132542598,-0.891498437,-0.032885289,-1.59164774,-0.025283633,-1.612560138,-0.056487195,-0.32737385,-2.12285629,-0.293884268,2,Done,tetracene_a=7.4_b=5.8_theta=25.5_R3=2.1_R4=1.9_A1=-0.25_A2=0_cx=0.4_cy=1.2_cz=13.6.log
0.3,1.2,13.5,-0.25,0,7.4,5.8,25.5,2.1,1.9,-5.440941544,-1.009519263,-0.717050657,-0.034021082,-1.690762944,-0.028069777,-1.713456216,-0.060780619,-0.369955423,-2.111198409,-0.302567124,2,Done,tetracene_a=7.4_b=5.8_theta=25.5_R3=2.1_R4=1.9_A1=-0.25_A2=0_cx=0.3_cy=1.2_cz=13.5.log
0.3,1.4,13.4,-0.25,0,7.4,5.8,25.5,2.1,1.9,-5.439259817,-1.092043103,-0.524395047,-0.033663401,-1.567385693,-0.027862699,-1.879128896,-0.061030368,-0.411246836,-2.110619845,-0.29412335,2,Done,tetracene_a=7.4_b=5.8_theta=25.5_R3=2.1_R4=1.9_A1=-0.25_A2=0_cx=0.3_cy=1.4_cz=13.4.log
0.2,1.3,13.6,-0.25,0,7.4,5.8,25.5,2.1,1.9,-5.426025631,-1.121549878,-0.975732869,-0.030065259,-1.651208479,-0.026356675,-1.711313897,-0.056397461,-0.368788254,-1.981334587,-0.2613918,2,Done,tetracene_a=7.4_b=5.8_theta=25.5_R3=2.1_R4=1.9_A1=-0.25_A2=0_cx=0.2_cy=1.3_cz=13.6.log
0.2,1.3,13.4,-0.25,0,7.4,5.8,25.5,2.1,1.9,-5.424278644,-0.88166912,-0.53244098,-0.033947036,-1.762595269,-0.029938502,-1.856349028,-0.063641437,-0.427280344,-2.088162517,-0.296724379,2,Done,tetracene_a=7.4_b=5.8_theta=25.5_R3=2.1_R4=1.9_A1=-0.25_A2=0_cx=0.2_cy=1.3_cz=13.4.log
0.4,1.3,13.4,-0.25,0,7.4,5.8,25.5,2.1,1.9,-5.415292073,-1.065145514,-0.408633257,-0.03579066,-1.655764201,-0.027835089,-1.842290294,-0.061881899,-0.382719604,-2.132656741,-0.320304322,2,Done,tetracene_a=7.4_b=5.8_theta=25.5_R3=2.1_R4=1.9_A1=-0.25_A2=0_cx=0.4_cy=1.3_cz=13.4.log
0.3,1.2,13.6,-0.25,0,7.4,5.8,25.5,2.1,1.9,-5.395853696,-1.092651788,-0.906495926,-0.03201054,-1.616562397,-0.026283884,-1.632857576,-0.057238952,-0.344418904,-2.057366209,-0.283398576,2,Done,tetracene_a=7.4_b=5.8_theta=25.5_R3=2.1_R4=1.9_A1=-0.25_A2=0_cx=0.3_cy=1.2_cz=13.6.log
0.2,1.2,13.5,-0.25,0,7.4,5.8,25.5,2.1,1.9,-5.371370452,-0.948875441,-0.748712929,-0.033082327,-1.712760934,-0.029107679,-1.727588996,-0.061596381,-0.38998617,-2.028422937,-0.29130081,2,Done,tetracene_a=7.4_b=5.8_theta=25.5_R3=2.1_R4=1.9_A1=-0.25_A2=0_cx=0.2_cy=1.2_cz=13.5.log
0.4,1.2,13.4,-0.25,0,7.4,5.8,25.5,2.1,1.9,-5.359003799,-0.92180215,-0.339760269,-0.037087096,-1.717671828,-0.028861695,-1.770542055,-0.063594373,-0.376111924,-2.175265925,-0.33616903,2,Done,tetracene_a=7.4_b=5.8_theta=25.5_R3=2.1_R4=1.9_A1=-0.25_A2=0_cx=0.4_cy=1.2_cz=13.4.log
0.4,1.4,13.4,-0.25,0,7.4,5.8,25.5,2.1,1.9,-5.350866877,-1.178142495,-0.446568747,-0.034550701,-1.478585498,-0.026839858,-1.885771717,-0.060186994,-0.389049298,-2.071295048,-0.30510603,2,Done,tetracene_a=7.4_b=5.8_theta=25.5_R3=2.1_R4=1.9_A1=-0.25_A2=0_cx=0.4_cy=1.4_cz=13.4.log
0.3,1.2,13.4,-0.25,0,7.4,5.8,25.5,2.1,1.9,-5.341554001,-0.825506975,-0.372279093,-0.036148341,-1.75386535,-0.029961093,-1.79120596,-0.064544424,-0.397221988,-2.152393813,-0.322910371,2,Done,tetracene_a=7.4_b=5.8_theta=25.5_R3=2.1_R4=1.9_A1=-0.25_A2=0_cx=0.3_cy=1.2_cz=13.4.log
0.2,1.2,13.6,-0.25,0,7.4,5.8,25.5,2.1,1.9,-5.319828977,-1.05390932,-0.927220071,-0.031104416,-1.635781773,-0.02728288,-1.646910035,-0.057963099,-0.362420911,-1.965161772,-0.273178948,2,Done,tetracene_a=7.4_b=5.8_theta=25.5_R3=2.1_R4=1.9_A1=-0.25_A2=0_cx=0.2_cy=1.2_cz=13.6.log
0.2,1.2,13.4,-0.25,0,7.4,5.8,25.5,2.1,1.9,-5.280777775,-0.730631228,-0.420165636,-0.035185741,-1.781376643,-0.031044175,-1.80502624,-0.065461843,-0.4194691,-2.083732296,-0.310399704,2,Done,tetracene_a=7.4_b=5.8_theta=25.5_R3=2.1_R4=1.9_A1=-0.25_A2=0_cx=0.2_cy=1.2_cz=13.4.log
